Respondent ID,"In order to improve our program, please tell us why you have not joined the Facebook Group.",CODE
,Open-Ended Response,
6928372992,"I did not know that there was a Facebook group, and I also do not use Facebook on a regular basis",dk
6921763051,I actually did not have a Facebook at the time that I was named (I created one a few weeks ago) and I need to figure out how to get in contact to join the group. I am going to go reread the email and see who I should email! ,nf
6921272218,,
6920022402,,
6918387583,I do not use Facebook. Most people my age have an account but rarely use it.,nf
6918090577,I do not have a Facebook account.,nf
6917209300,"I have not joined the Facebook group because I don’t have a Facebook account. However, if I did had a Facebook account I would join it instantly. ",nf
6916427526,I don't have a Facebook. I'm not interested in joining the group either.,nf
6916355433,Don't have a facebook account,nf
6916312467,"I do not have a Facebook, but if I get one then I will.",nf
6915654732,,
6915634456,I don't really go on Facebook,na
6915519190,"I have not joined the Facebook group because I want to link my NCWIT account to a new email because the one I am currently using is my school email. I do not have a Facebook account linked to  my school email, so I cannot join. ",p
6914998059,Don't feel like it,ni
6914795754,,
6914671533,,
6914558175,,
6914484702,,
6914260010,I don't have a Facebook account.,nf
6914217345,"Every time I try to accept the request to the Facebook group, it gives me a permission denied error",p
6914194106,I did not know there was a facebook group. ,dk
6914188745,,
6914157965,I do not have a Facebook ,nf
6914067094,I didn't't know about it  ,dk
6914046920,,
6914029022,I do not have a Facebook account.,nf
6913941002,I didn’t want to ,ni
6913898599,,
6913885430,,
6913848483,,
6913803879,,
6913790561,"I have been having difficulty finding the Facebook group and joining it. I would love to be in the Facebook group, and am now planning to send another request.",p
6913783414,,
6913747695,,
6913728836,I do not use Facebook. My parents discourage it and I personally do not feel that having social media at my fingertips would allow me to properly focus on school.,nf
6913722087,,
6913717754,,
6913652652,I do not have Facebook ,nf
6913626882,Forgot to,fp
6913618120,I have not heard previously about this Facebook Group,dk
6913608808,,
6913601998,,
6913591596,,
6913573534,,
6913535134,"When I clicked on the link, it stated that it had expired. I searched for the group on Facebook, but was unable to find it.",p
6913530201,Because I don’t have a facebook,nf
6913527301,I did not receive instructions on how to join the Facebook group.,dk
6913522488,,
6913521380,"I do not have a Facebook as of right now, but I do plan on making one near the end of my senior year and hope to join the FB group then!",nf
6913520005,I don’t do Facebook ,nf
6913515768,,
6913515052,,
6913511366,,
6913503441,I do not have a Facebook ,nf
6913500019,I could not reach link ,p
6913497548,,
6913497050,,
6913496528,I didn’t know it existed. ,dk
6913488866,I n,
6913488075,,
6913487877,I did not know that it was an option,dk
6913487771,,
6913156203,,
6913146676,I do not know  ,dk
6912367973,I was not aware of this,dk
6912074461,I didn't know there was one. ,dk
6911673304,I don't have Facebook,nf
6911325321,I was not informed about it and don't know how to. ,dk
6911089024,,
6910952134,,
6910894169,I don’t use Facebook.,nf
6910467425,,
6910051706,,
6909875987,,
6909863736,I did not know there was a Facebook group. ,dk
6909632647,I did not get an invitation.,dk
6909594735,,
6909580211,I was not aware there was one.,dk
6909572105,,
6909301950,I didn’t know know one was available. ,dk
6909260821,I don't use facebook,dk
6909257780,,
6909001177,,
6908908024,I have not received the email invitation even though I have requested it three times and gotten responses saying it sent. ,p
6908799531,,
6908790891,The link supposedly expired and I had to email someone else for help to get in but the link didn't work either and I tried again but there wasn't anything else.,p
6908765059,,
6908693642,,
6908686890,,
6908667310,,
6908623164,I don't have a Facebook.,nf
6908603410,,
6908597775,I haven’t received an invitation for the Facebook group.,dk
6908563267,I rarely use my facebook account and I do not know how to access the facebook group.,na
6908470534,,
6908442349,I did not get an email explaining this process.,dk
6908287453,I do not have Facebook. If the resources were available elsewhere I would use them,nf
6908247754,,
6908228263,I do not have a Facebook,nf
6908213403,,
6908165220,,
6908090298,I have not gotten a link. ,dk
6908063233,,
6908010862,,
6907973171,Was not aware of one.,dk
6907962614,,
6907937692,"I don't have Facebook, however I plan on getting it soon but I can't find the Facebook page!",nf
6907925611,Never heard if it.,dk
6907923623,I just forgot to ,fp
6907911305,,
6907902523,,
6907900741,,
6907900653,wasn’t aware of it,dk
6907896619,I don’t have a Facebook account. I guess I also skimmed over the email because I don’t remember mention of the group. ,nf
6907896461,I was not invited.  ,dk
6907892662,I have not created a Facebook account yet. ,nf
6907881692,,
6907876816,,
6907871241,"I do not use my facebook, its been 9 months since ive been on it.",nf
6907868534,,
6907860907,,
6907857609,I accidentally messed up my invite to the Facebook group. ,p
6907854870,,
6907853937,,
6907850320,,
6907849391,,
6907847386,,
6907837192,I just dont use Facebook   ,na
6907834579,,
6907832612,,
6907825540,I haven't had the time.,fp
6907823749,I don't think I received an email invitation to. I also don't use Facebook very often.,dk
6907823734,,
6907818776,,
6907818531,,
6907818445,,
6907817807,I was not aware of it. I did not receive such an email. ,dk
6907809021,,
6907806931,I never received an invitation for the Facebook group,dk
6907806461,,
6907803781,I don't have an account.,nf
6907801521,I don't have a Facebook,nf
6907800532,,
6907800005,,
6907799745,,
6907796740,,
6907795779,I did not know there was a Facebook Group. I don't remember receiving an email about it. ,dk
6907795553,I was not sent a link to join the Facebook group ,dk
6907794839,,
6907794792,,
6907794338,,
6907792680,,
6907792381,,
6907791042,,
6907791007,"I didn't know that we had one until right now, but will be emailing the email below about joining. ",dk
6907789128,,
6907786783,I did not have Facebook at the time. ,nf
6907783890,"I will be joining the group soon, as I just got a Facebook account to be part of this amazing community!",nf
6907783538,I don't like facebook,nf
6907780272,I do not have a Facebook account.,nf
6907779940,,
6907779372,,
6907779108,Not interested,ni
6907778999,,
6907778730,I don't have a Facebook account.,nf
6907778644,I don't know about it,dk
6907778640,I didn’t know there was one.,dk
6907778314,I do not have a Facebook account  ,nf
6907778083,The group is private and I wasn't invited to the Facebook group,dk
6907777917,I do not have a Facebook account ,nf
6907767814,Not an active facebook user,na
6907704371,,
6907178185,,
6905443480,,
6905342048,,
6905312025,,
6905186584,I don’t have Facebook or any other social media besides PaigeeWorld and Pinterest. ,nf
6905075870,,
6905065690,"When I clicked the link, the page said it was expired.",p
6905008497,,
6904905803,I'm not on Facebook,nf
6904321680,,
6904290872,i didnt know,dk
6904200694,,
6904093938,,
6903982059,I didn't feel like the benefits of joining the group were clearly delineated.,ni
6903742426,,
6903659739,I don’t have Facebook. ,nf
6903629045,,
6903474668,,
6903415123,,
6903330313,,
6903179298,,
6903153105,"I was invited and when I tried to accept, there were issues and I couldn't",p
6903147140,,
6903146671,I do not have a facebook account.,nf
6903126115,,
6903108910,I did not receive an invite.,dk
6902968618,,
6902964466,I don't have a facebook account,nf
6902754573,I don’t have a Facebook account. ,nf
6902728016,"I do not have a Facebook account, and am not sure I want one.",nf
6902546610,,
6902517561,I do not have a Facebook account.,nf
6902506777,"I have not recieved the invitation, and I am not very Facebook active.",na
6902444153,,
6902419184,I did not know there was a facebook page.,dk
6902407277,,
6902303239,,
6902270497,I did not know about it ,dk
6902195807,,
6902126730,I didn't know there was one and I didn't get invited to one.,dk
6902086690,I have not had time to yet. I have been busy with school and finals.,fp
6902066379,I don't use facebook ,nf
6902031990,I was not aware of the Facebook group,dk
6901995273,,
6901935225,,
6901858488,,
6901857854,I do not have a Facebook account.,nf
6901829695,I have not received an invitation. ,dk
6901785635,,
6901752814,I don't have facebook,nf
6901660794,I don't have Facebook.,nf
6901569925,,
6901566134,"I never received an invite to join the group and I was not sure who to contact about this. (But I know now, due to the information below).",dk
6901565025,I have yet to create a Facebook for this purpose,nf
6901563988,It has not been on my mind.,ni
6901556354,Didn't receive invite. ,dk
6901528067,,
6901522186,,
6901517822,I actually forgot! I will join as soon as I get off this survey though :),fp
6901515578,I do not have Facebook.,nf
6901507704,,
6901466667,I simply haven't taken the time to do so.,ni
6901461821,I didn't get the email. I'll reach out to the provided email now!,dk
6901461206,"I didn't know there was one. Along with this, I don't use Facebook very much. ",dk
6901447171,I do not have a Facebook.,nf
6901442604,,
6901441954,I don’t like Facebook ,nf
6901437322,,
6901415143,I do not have a Facebook account.,nf
6901402357,,
6901330977,,
6901292493,,
6901285716,,
6901276446,,
6901274138,,
6901274108,,
6901273339,,
6901273166,,
6901270788,,
6901269879,I forgot to join the group and when I opened the email the invite expired.,p
6901269003,My personal email for Facebook invitations is:    sophieyang111@gmail.com,dk
6901266992,,
6901264217,"I don’t use Facebook and I don’t plan on starting anytime soon. If it were literally any other social media platform, I would’ve joined. ",nf
6901260772,,
6901258147,,
6901257716,,
6901256729,I don’t have Facebook ,nf
6901253927,I was not given the email. ,dk
6901252604,I don’t have Facebook,nf
6901252072,I'm not active on Facebook,na
6901248287,I don't have a Facebook account.,nf
6901247767,,
6901246082,I did not see the email! ,dk
6901245646,,
6901242851,I do not have a facebook account.,nf
6901242435,,
6901231909,I was not aware there was a Facebook group ,dk
6901230091,,
6901229746,I don't have a Facebook,nf
6901226728,,
6901224678,I don’t have a Facebook account.,nf
6901224399,,
6901222668,I did not know of this Facebook group  ,dk
6901222524,,
6901220373,I have not been invited yet. ,dk
6901220358,,
6901214122,I do not use Facebook.,nf
6901211635,I don’t have a Facebook account yet,nf
6901211433,,
6901211324,I don’t like to engage in social media. ,nf
6901207354,,
6901207158,,
6901204253,I wasn’t allowed to join through my family page. I do not have one of my own. ,nf
6901199384,,
6901196964,,
6901195133,I don’t have Facebook ,nf
6901191246,,
6901189100,I do not have any social media,nf
6901188651,I have not had the time. ,fp
6901180565,,
6901174262,I did not get a notification or email to be invited.,dk
6901174026,I don't have a facebook account.,nf
6901173428,I don't have a facebook and won't create one because i don't believe in supporting that company.,nf
6901168428,Do not own a Facebook account.,nf
6901168362,I don't use Facebook.,nf
6901166608,,
6901164984,Didn't know there was one,dk
6901162817,I do not own a Facebook account. ,nf
6901161378,I couldn't due to unavailability ,p
6901160493,,
6901154223,I don’t use Facebook that much,na
6901150575,,
6901150065,,
6901148185,,
6901147193,I don't use Facebook,nf
6901147155,,
6901144353,I don't have facebook,nf
6901142881,I don't have a Facebook account. ,nf
6901141220,Because I don’t have Facebook ,nf
6901140213,,
6901140070,,
6901138353,,
6901138066,,
6901137800,I haven’t gotten around to it,fp
6901137354,I don’t have a Facebook. I don’t use any social media,nf
6901136688,,
6901136301,"I don’t have a Facebook account. However, I do have a Snapchat and Instagram account.",nf
6901135955,,
6901135869,I did not receive an email explaining how to join the group.,dk
6901135672,I’m not on Facebook ,nf
6901135195,,
6901134796,,
6901133494,I do not use Facebook,nf
6901133290,,
6901131905,Didn’t know about it,dk
6901131455,I was not invited to the Facebook group/never received an email to join.,dk
6901128445,,
6901126776,,
6901125509,,
6901124796,,
6901122827,I do not have Facebook. ,nf
6901122484,,
6901122229,Don't have Facebook ,nf
6901121198,,
6901120149,I rarely use Facebook and am inactive.,na
6901119691,,
6901118816,Didn’t know about it,dk
6901118667,I haven’t received the email. ,dk
6901118497,,
6901118406,,
6901118267,I did not receive an email explaining how to join the group.,dk
6901118029,"I would, except I don't have a Facebook account.",nf
6901117991,,
6901117838,Did not know of existence. ,dk
6901117556,I forgot that there was one.,fp
6901117477,I don't use Facebook ,nf
6901117473,I do not have a facebook account and I am not allowed to create one.,nf
6901117336,,
6901117195,I don’t use Facebook.,nf
6901117114,My invitation ran out when I tried to join. ,p
6901117097,,
6901116924,I just haven't,fp
6900941721,The link did not work when it was sent to me.,p
6900729339,I don't have a facebook account.,nf
6900718560,,
6900686893,I was not aware that there was a facebook group. ,dk
6900220728,,
6900076847,,
6900033992,"One way I would improve the program is by expanding technology into more diverse interests. I enjoy art, so from rigging and animation coding to digital art programs. Just taking those in for consideration as well.",
6900033939,,
6900008178,The link sent to me did not work. It only lead me to a page that said I did not have access to.,p
6899996645,I do not have a Facebook.,nf
6899970430,I do not have Facebook ,nf
6899959474,,
6899910318,,
6899870232,,
6899830521,,
6899820089,,
6899807803,I do not have a facebook account. ,nf
6899803321,,
6899789880,I was unaware there was a facebook group.,dk
6899785425,Was not aware of opportunity,dk
6899784802,I do not have a facebook account.,nf
6899776810,I am not happy with the organization aspect of NCWIT. ,ni
6899771373,i do not have facebook,nf
6899767573,I did not receive any information regarding how to join the Facebook Group.,dk
6899764670,do not use,nf
6899756428,I do not have Facebook ,nf
6899753229,,
6899744705,I am not on Facebook,nf
6899744146,,
6899734367,,
6899733441,I believe there is nothing that could improve this program. I think the program is perfect the way it is.,
6899731308,,
6899730673,,
6899730491,,
6899729544,,
6899726723,,
6899726493,My email is different from the one I used to apply,p
6899726045,,
6899724758,I cannot find the email that gave the instructions on how to join.,dk
6899724709,I was not told how to join the facebook group and facebook its outdated.,p
6899724705,Currently I do not have a Facebook account. ,nf
6899724599,don't have facebook  ,nf
6899724361,"I greatly want to, but I need to create a Facebook profile first. Once I do, I will be sure to join. ",nf
6899234333,I have not joined the facebook group because i don't have a facebook,nf
6898634874,I was not informed of the community ,dk
6897851214,I do not currently have a Facebook account.,nf
6896325412,"I don't have a Facebook account, and have no desire to get one.",nf
6895685610,I didn’t know about it! I will now that I know,dk
6895587480,I don't have a facebook.,nf
6895179166,,
6894668653,,
6893775859,,
6893709373,,
6893186675,,
6893110350,I rarely use facebook,na
6893002496,,
6892927162,,
6892622578,I forgot to click the link and I need to request a new one.,p
6892574961,I'm afraid that I'm not good enough for the Facebook group,p
6892431491,I do not have facebook.,nf
6891901627,,
6891862815,,
6891708153,I don't use Facebook ,nf
6891577186,,
6891575927,I do not use Facebook.,nf
6891571412,I don't use facebook. I don't approve of their practices and what they do with their information. if they had an email subscription I would join it. I may join in the future. ,nf
6891569064,I don't really use Facebook...,nf
6891567289,I did not know there was one. ,dk
6891559548,,
6891459859,,
6891383143,I haven't gotten invited into it yet.,dk
6891336289,I have not gotten around to do it. ,fp
6891293088,,
6891241642,,
6891194213,,
6891053999,I do not have a Facebook,nf
6890993967,I don't have facebook,nf
6890977722,I don't use my facebook very often,na
6890977633,I was unable to find the email containing the Facebook group,dk
6890969422,Don’t have a Facebook account ,nf
6890956331,,
6890952669,I didn't receive an email to join.,dk
6890919586,,
6890915935,"I don't have, or want, a facebook account.",nf
6890893309,"My Facebook is assigned to a different email account, so I did not receive and invitation ",p
6890875371,,
6890779221,,
6890777943,"I believe the link has expired, so I'm not able to join the Facebook group.",p
6890776082,,
6890764550,,
6890760956,,
6890750574,,
6890736258,,
6890730204,"Whenever I open the email that tells me I was invited to join the Facebook Group, it tells me that the link has expired or that I may not have permission to view the page",p
6890727027,,
6890699715,I am generally not very active on Facebook,na
6890692433,I do not use Facebook frequently. ,na
6890690521,I do not have access.,p
6890682691,Facebook is not something I use often. ,na
6890668809,I dont use my facebook account as often anymore.,na
6890660189,,
6890659233,,
6890650029,,
6890644006,I do not use Facebook,nf
6890640722,I have not been invited to the group.,dk
6890639614,I did not think it was important to do so.,ni
6890614358,,
6890613584,i dont do facebook,nf
6890610730,,
6890604699,,
6890603377,I do not have a Facebook account.,nf
6890596547,I do not have a facebook account.,nf
6890594539,"I personally do not have a facebook, so that is why I did not join otherwise I would have. ",nf
6890592055,,
6890581885,"I didn’t have Facebook at the time and now that I do, I barely use it ",nf
6890577898,,
6890576714,,
6890572823,,
6890568936,,
6890565856,,
6890561112,Not active on Facebook.,na
6890560448,Haven’t gotten around to it,fp
6890559806,,
6890556525,,
6890546380,,
6890544072,link expired ,p
6890540799,,
6890540631,I do not have a Facebook account. ,nf
6890537130,Not sure which group it is. ,dk
6890536649,,
6890535713,"it won't let me join, my email is iPod12@live.com. ",p
6890530284,,
6890528706,No invite ,dk
6890528411,,
6890527693,,
6890527159,,
6890527077,I do not like Facebook. ,nf
6890526762,I don’t have a Facebook account. ,nf
6890526460,,
6890526109,My Facebook account has a different email ,p
6890523980,i didn't know it existed ,dk
6890523649,I was not aware that there was a Facebook group,dk
6890470652,,
6888571408,I l,
6888191058,I don’t have Facebook.,nf
6887158299,I do not have Facebook and I have not received information on how to join easily.,nf
6886316524,,
6884945557,I accidentally didn't look at the link until it had expired.,p
6883571299,,
6882766801,,
6882575320,I do not use facebook much,nf
6882204608,The link said there was no group available. Possibly the link.,p
6881727386,I don't have a Facebook,nf
6881260179,I don't have a Facebook account,nf
6881166147,,
6880868665,I wasn't aware that it existed. ,dk
6880670761,I just forgot to.,fp
6880602612,,
6880311785,I do not have a Facebook account.,nf
6880265534,"To be honest I did not know such account existed, but I will immediently join!",dk
6880203498,I just haven't gotten around to it at this point. Senior year is really busy,fp
6880149794,,
6880073744,I do not use my Facebook often but I do plan on joining the  group. ,nf
6879780228,,
6879719003,I do not have a Facebook account at this time. ,nf
6879364891,I don’t have Facebook. ,nf
6878806573,,
6878664557,I lost the link but I would like to join!,p
6878597298,I don't use Facebook often.,na
6878126412,I didn't know about it  ,dk
6877956510,I don’t use Facebook much ,nf
6877924389,,
6877448561,,
6877374482,I don't have a Facebook! Sorry,nf
6877341377,,
6877127025,I don't have a Facebook account yet.,nf
6877018856,,
6876879546,,
6876872519,,
6876789806,,
6876711110,,
6876703734,,
6876690804,I do not have a Facebook account,nf
6876652331,,
6876165137,,
6876108414,,
6876092235,I do not have Facebook.,nf
6876087290,,
6876079640,,
6876010797,I do not have a facebook,nf
6876008855,,
6875980100,I never received an invitation,dk
6875971297,,
6875957893,,
6875925605,I do not have a Facebook account yet,nf
6875924679,I was not told about one.,dk
6875915957,,
6875877389,I don't have a Facebook.,nf
6875861919,,
6875735625,,
6875734147,,
6875713528,,
6875708016,There was an issue with my email address that I currently use now and one that I used that is now deleted. It’s a probably with Facebook mainly.,p
6875694193,,
6875678669,Didn't know abt it,dk
6875647848,No particular reason but i will join.,fp
6875634495,I don't have a facebook account,nf
6875632293,"When I had clicked the link, it said it was expired and I couldn't get another link.",p
6875626457,,
6875625755,I do not use Facebook.,nf
6875625657,,
6875618776,,
6875533998,I did not know about it.,dk
6875524983,"I wanted to but I was never invited, and now I’m unsure of to join.",p
6875504400,I didn’t know you had one   ,dk
6875493872,,
6875488604,I didn't know about it. I feel like you should send multiple emails reminding girls to join this,dk
6875488175,,
6875481194,I don’t have a facebook. Also because I did not recieve an email.,nf
6875472888,I was unaware of it. ,dk
6875455644,,
6875444240,i don’t have a facebook maybe get an instagram or twitter ,nf
6875429645,,
6875426311,,
6875354779,Every time I try click the link to join the page. It says “page temporarily unavailable”,p
6875353923,I don't use Facebook,nf
6875311049,,
6875305515,I haven’t had time and don’t use Facebook much ,na
6875295413,,
6875287099,,
6875284771,,
6875279122,I did not have a Facebook account and just have not had time.  ,nf
6875278811,,
6875271882,I don't have Facebook.,nf
6875268758,,
6875255268,,
6875254152,,
6875240118,,
6875239083,,
6875234258,I need to find the email. ,dk
6875231422,I don't have Facebook.,nf
6875220505,I do not have a Facebook,nf
6875219057,,
6875213522,Don't use facebook and my main facebook is under a different email,nf
6875209971,I do not have a facebook account,nf
6875209658,,
6875209139,I don’t have a Facebook account.,nf
6875207065,,
6875204087,,
6875202895,,
6875200018,"I have Facebook, but have never logged on.",nf
6875189916,,
6875189893,"I don't have a Facebook account, and haven't gotten around to making one yet, but I plan on it!",nf
6875182719,I don't know how.,dk
6875180584,,
6875179593,,
6875177492,I don't have a Facebook account.,nf
6875177108,,
6875176601,"I did not see the email, but I will check again! ",dk
6875175108,"I do not have a Facebook account, if I did have one I would definitely join the group!",nf
6875174826,Facebook is not a social media platform I currently use.,nf
6875173656,Don't have a Facebook account.,nf
6875172963,I don’t have a Facebook account. ,nf
6875171785,,
6875166791,,
6875165830,"I'm simply one the last few human beings left on Earth that do not have a Facebook, but will be making an account soon! :) ",nf
6875160001,I did not know there was a Facebook Group.,dk
6875155595,I do not have any social media,nf
6875153284,I do not use facebook at all,nf
6875152167,"Unfortunately, my parents are hesitant about letting me use social media. They are also wary of Facebook in particular because of its recent issues with privacy. However, I am in the process of convincing them to let me use the Facebook Group. For future years, it might be useful to send out a separate email to the parents of award recipients and assure them the conditions and privacy of the group. Thanks!",nf
6875151027,,
6875146415,,
6875146403,I do not have a Facebook account.,nf
6875143475,,
6875143304,Facebook isn't relevant,nf
6875140503,"I don’t really use Facebook, and I don’t really see the benefit of joining the group.",nf
6875134180,I cannot find the email that explains how to join,p
6875130624,,
6875118683,I have not joined Facebook Group because I do not use Facebook. I barely use social media.,nf
6875118422,I was unaware that there was a Facebook Group.,dk
6875106514,I did not recieve this email.,dk
6875106313,,
6875101438,,
6875097856,,
6875097154,,
6875087974,,
6875084818,I do not participate in social media. ,nf
6875071830,I do not have a facebook account,nf
6875062016,"I just haven't gotten around to it, but I will after this. It's a great way for us to connect.",fp
6875057495,I didn’t know about it ,dk
6875056653,I don’t go on Facebook that much so I keep forgetting,nf
6875055131,,
6875054044,I just have not taken the time.  I will do so shortly. ,fp
6875050847,,
6875047893,I am not on Facebook. ,nf
6875047560,I do not actively use Facebook. ,nf
6875044493,,
6875043805,,
6875034982,,
6875030651,I don’t have a Facebook,nf
6875029030,I just haven't gotten around to it yet.,fp
6875025092,,
6875022246,I do not have a Facebook account.,nf
6875019996,"I haven't gotten around to it yet, but I will soon.",fp
6875007775,,
6875003103,I don’t regularly use Facebook.,na
6875001020,,
6874998654,"I do not have a Facebook account and I am not allowed to have one. I still receive emails and updates, I just can't join the Facebook group. ",nf
6874998646,,
6874996743,,
6874994108,,
6874992891,,
6874990651,I do not use Facebook on a regular basis.,na
6874989110,,
6874981094,,
6874981008,I did not know about it and I do not use facebook very often.,dk
6874980435,"I am having trouble joining it with the link emailed to me-- when I click on it, I get an error.",p
6874980204,,
6874980040,I don’t have Facebook on my phone and can’t remember my login and haven’t taken the time to fix it.,nf
6874974391,,
6874974220,,
6874972661,,
6874971744,I don't have Facebook ,nf
6874970284,I am not able to find the Facebook group. ,dk
6874969595,,
6874968933,Because I do not have a Facebook account,nf
6874965249,I had before but didn’t find it useful. ,ni
6874964968,,
6874964841,,
6874963488,i don’t have facebook,nf
6874962807,I do not have a Facebook account. ,nf
6874962382,Not on facebook,nf
6874959606,,
6874958196,,
6874958167,,
6874957389,The reason i did not join because i didnt know how get access the facebook group,dk
6874956472,,
6874955864,,
6874955656,,
6874953471,,
6874952635,,
6874950000,I do not have a Facebook account.,nf
6874949923,I have no Facebook account ,nf
6874949743,,
6874949678,I had not heard about it until now. ,dk
6874949634,I did not see an email about it. ,dk
6874948955,,
6874947692,,
6874946799,I do not have Facebook ,nf
6874946234,I didn't know about the opportunities presented within the group until the ceremony so I didn't join. I'd like to though.,dk
6874940599,I am not allowed to have any social media accounts. However my parents are going to allow me to create a Facebook to join the Facebook group.,nf
6874937414,No Facebook account,nf
6874937395,Because I don't have a Facebook account.,nf
6874937368,,
6874936140,The link in the email I was sent did not work.,p
6874934640,I did not know about it,dk
6874933322,I didn't feel like I had a compelling reason to join the Facebook group.,ni
6874931337,I have not been sent an invitation to it.,dk
6874930355,,
6874928762,Wasn't aware of the facebook group,dk
6874927306,I do not have Facebook anymore.,nf
6874926485,,
6874925816,,
6874924657,I do not have facebook.,nf
6874924550,,
6874924506,I don’t have a Facebook.,nf
6874924476,,
6874924344,,
6874924128,There is an error whenever I try to join. It may be because my facebook account email is different from my email for NCWIT.,p
6874923385,,
6874923096,I do not use social media,nf
6874923057,"I am not allowed to have a facebook account/even if I did, it is social media and I do not like to be part of said medias.",nf
6874922893,,
6874922723,I do not have facebook,nf
6874922255,I forgot to sign up. ,fp
6874921882,Not interested,ni
6874921799,I didn’t know about it and I don’t use Facebook.,nf
6874903449,I do not use Facebook actively ,na
6873832773,It is not working when I try to join,p
6873052983,,
6873014305,I don't have a facebook hooked up to the email that I use for the emails for this award and I can't get into the group with my account because it is linked to a different email.,p
6872542531,I was not able to find the email explaining how to join it. ,dk
6872400513,I did not know about the Facebook program. ,dk
6871845503,I don't use Facebook.,nf
6871663723,,
6871567241,I don't have a facebook account,nf
6871550756,I do not use my facebook.,nf
6871344123,"I do not have Facebook. I truly would like to connect, but my father’s job restricts my family’s use of Facebook, and as such I cannot connect.",nf
6871322073,,
6871090399,,
6870919388,,
6870794619,I don’t have a Facebook account but as soon as I get one I plan to join,nf
6870353230,"I just haven't had the time to, but will be joining soon. I think the facebook group will be much easier to join than the linkedin group",fp
6870348409,I do not have a facebook account.,nf
6870285308,I do not have a Facebook account.,nf
6870269425,,
6870260319,I do not have Facebook.,nf
6870251588,,
6870221099,,
6870202723,,
6870155550,,
6870108240,,
6870003282,I don't have a facebook account.,nf
6869963264,,
6869921502,,
6869856631,,
6869756496,I do not have Facebook.  ,nf
6869735737,,
6869718149,I do not have a Facebook account.,nf
6869707903,,
6869641207,,
6869640755,I don't have a facebook,nf
6869624176,,
6869619045,,
6869538705,,
6869488590,I haven’t had the time.,fp
6869406392,The link to join expired for me.,p
6869384043,,
6869069495,,
6869040227,,
6868983361,I don't have a Facebook account. I try to avoid social media.,nf
6868908420,,
6868907868,I do not have a Facebook account.,nf
6868861161,I do not have a Facebook,nf
6868856161,,
6868855396,,
6868851003,"I was trying to join the Facebook group, but I wasn’t sure what the correct group or name was to join.",p
6868845818,,
6868828250,,
6868757870,,
6868716909,i am not very active on Facebook. ,na
6868708848,,
6868675743,I have not received an email from AiC to join the group.  ,dk
6868665974,I don’t have a Facebook account,nf
6868647479,I don't know I forgot I guess,fp
6868614473,I do not use Facebook.,nf
6868549019,,
6868493630,I did not know there was one.,dk
6868454007,I do not have a Facebook yet,nf
6868446541,I don't have a Facebook.,nf
6868418446,,
6868403165,I do not have a Facebook account and would not be likely to check it if I did- if there was the option for other social media sites I would have joined them.,nf
6868401069,I did not know/pay attention that you had a Facebook Group.,dk
6868398198,,
6868381598,,
6868368955,,
6868363482,,
6868325246,,
6868278081,,
6868248446,,
6868173818,,
6868159810,,
6868147711,I didn't know it existed.,dk
6868086192,,
6867898933,I don't have a Facebook account,nf
6867898847,,
6867894884,,
6867875831,I do not use facebook.,nf
6867859137,I don’t have Facebook right now. ,nf
6867856158,"I just got a Facebook account, so I plan to join very soon. ",nf
6867855514,,
6867848502,I have not found the time,fp
6867807281,I do not have an active Facebook account. ,nf
6867792542,I don't have a facebook account -- I don't really intend to create social media until I'm in college.,nf
6867784017,,
6867693386,I did not receive an invitation.  ,dk
6867686507,I don't have a facebook account linked to this email address.,nf
6867677163,I do not have the link.,dk
6867605680,,
6867596827,,
6867520975,Honestly I forgot to. I'm planning on doing it.,fp
6867519670,,
6867510179,I did not receive the email,dk
6867506891,,
6867475332,,
6867441671,I do not have a facebook page,nf
6867437890,,
6867429239,I don't really use my facebook ,nf
6867429163,I don't have Facebook. I don't plan to have one in the future.  ,nf
6867426369,,
6867407600,,
6867401162,i wasn't aware of the facebook page,dk
6867379038,Link was broken  ,p
6867358024,,
6867327214,"I don't have a Facebook account, and I hate Facebook, so I'm not going to make an account just to join the group. ",nf
6867321774,,
6867317264,I didn't get an email about it,dk
6867312917,,
6867293484,I currently do not have an active Facebook account.,nf
6867278585,,
6867261533,,
6867259242,"I wasnt aware of the facebook group page but i am now, i will as soon as possible. ",dk
6867255715,I don't really use my Facebook account. I only made it for school purposes and haven't been on the account since. ,na
6867250757,I do not frequently use Facebook.,na
6867242465,Don’t use or have a Facebook account ,nf
6867230003,,
6867218210,,
6867187455,,
6867171822,,
6867171075,"The link that has been sent to me does not work or is broken. When I try to look up the group, I cannot find it, so I'm assuming it's private.",p
6867167466,,
6867166489,I did what I was asked and I never got the invite.,p
6867158431,,
6867137991,,
6867137770,,
6867124145,I do not have a Facebook account. ,nf
6867114404,,
6867093418,I don't have Facebook and don't want one,nf
6867076246,I received an email asking me to join but once I was at Facebook it would not let me. ,p
6867059847,,
6867056586,"I was not added to the Facebook group automatically, so I emailed aiccommunity@ncwit.org to be added on. I never received a received a response. I ended up forgetting about it, but I have emailed them again.",p
6867042905,,
6867026710,,
6867024210,I got an invite for the wrong email address.,p
6867020848,,
6867019316,,
6867008816,,
6866988865,I have only recently made a Facebook account and did not remember to join the Facebook group.,nf
6866972813,,
6866953532,I did not know that existed.,dk
6866943489,I do not have a Facebook account.,nf
6866935110,I do not have a Facebook account.,nf
6866933247,,
6866929744,,
6866915969,I don’t have a Facebook account.   ,nf
6866903749,,
6866897770,I haven’t joined the Facebook group because I don’t have a Facebook account.,nf
6866885822,I do not have a facebook. ,nf
6866862299,I don’t have facebook,nf
6866857523,I don't have a Facebook.,nf
6866707200,,
6866688940,Must not have seen the email,dk
6866686746,I don’t have Facebook   ,nf
6866681621,I don’t have Facebook ,nf
6866671182,,
6866669779,,
6866651731,,
6866633619,"I have not yet received an invite to join the secret Facebook group. I would love to join it, though, and I will send an email request so that I can join it.",dk
6866633193,,
6866632761,I'm not active on Facebook.,nf
6866631634,,
6866628946,I don't have facebook,nf
6866621583,,
6866618607,,
6866617858,,
6866615863,I did not realize there was a Facebook group.,dk
6866612961,I don't have a Facebook account,nf
6866611752,,
6866606446,I can never get the link to work. ,p
6866605162,,
6866604744,Don't have a Facebook account,nf
6866602785,,
6866595779,,
6866595432,,
6866593637,,
6866592628,,
6866592233,,
6866588025,I don’t have a Facebook,nf
6866587243,i don’t have facebook ,nf
6866586089,,
6866585113,I dont have a facebook,nf
6866582630,,
6866578798,I do not have a Facebook. ,nf
6866577319,,
6866575221,I use a different email for Facebook than the email I use to contact NCWIT.,p
6866574696,,
6866574491,,
6866573726,,
6866572182,,
6866560827,,
6866559973,,
6866555831,,
6866552864,,
6866548822,"I didn't really pay attention to the information provided in the mail, so I missed out on joining the Facebook Group. Moreover, I do not use facebook at all, so in a sense it was not relevant to me.",dk
6866547210,,
6866546021,"While I have a Facebook account, I do not use it reguarly, and only check it if there is something majorly important to my social life that I need to recognize. ",na
6866545779,I don't have a Facebook account ,nf
6866544976,,
6866541388,I don’t have Facebook ,nf
6866539733,I did not know that there was a Facebook group to join.,dk
6866538451,,
6866537037,,
6866532171,I do not have a facebook account. ,nf
6866530765,I do not go on Facebook very often ,na
6866522960,,
6866519438,,
6866519434,I do not have a Facebook account.,nf
6866517248,,
6866517112,,
6866515576,,
6866512744,I do not use Facebook very often.,nf
6866512410,I do not have a Facebook account.,nf
6866511377,I don’t want to join. Nobody talks about technology stuff it’s literally like a mini gossip group.,p
6866511247,,
6866509829,I don't already use Facebook. I am planning to create an account to have access to the group soon. ,nf
6866504550,,
6866502591,I do not have a Facebook account. ,nf
6866499644,,
6866499283,I do not have a Facebook or any social media account for that matter.,nf
6866498266,,
6866498183,,
6866497501,,
6866497240,,
6866496560,,
6866495800,I do not have a Facebook account. ,nf
6866495656,,
6866493515,I don't have a Facebook account ,nf
6866492418,,
6866491607,,
6866489573,They invited me with he email I had listed on the application but I use a different email for my Facebook account.,p
6866489323,I do not have a Facebook account.,nf
6866487285,I don’t have facebook,nf
6866486981,,
6866485955,I don’t have a Facebook ,nf
6866485914,,
6866485113,I don't use Facebook ,nf
6866484904,,
6866483141,"The link that led to the facebook group didn't work, and no follow up link was sent since I reported it.",p
6866482868,,
6866481157,I haven’t received an email about it ,dk
6866480050,I don't have Facebook! I was under 13 when Facebook was cool and thus legally ineligible for an account. ,nf
6866479344,I do not have a Facebook. ,nf
6866479008,,
6866478782,,
6866478454,,
6866478323,i don't have a facebook. not everyone has a facebook! stop pretending everyone has a facebook!,nf
6866477771,I don't really use Facebook,nf
6866476405,I do not have a Facebook account at this point in time. But I do plan on creating one in the near future. ,nf
6866476284,,
6866475189,,
6866474600,,
6866474506,,
6866472791,,
6866472119,"Haven't got the chance to, yet.",fp
6866472108,,
6866471577,,
6866471434,I don’t have Facebook,nf
6866471276,,
6866470910,I do not have a Facebook account,nf
6866467573,Keep forgetting to actually create a Facebook account,nf
6866467335,I haven’t gotten an invitation yet. ,dk
6866466388,,
6866464649,,
6866462663,,
6866462258,,
6866462210,"I don't use Facebook, and I don't really enjoy social media.",nf
6866462008,I don’t know the link to join,dk
6866460618,I do not use Facebook often and I do not know my password,nf
6866460004,,
6866458952,I don't have a Facebook account.,nf
6866458300,,
6866456087,Haven't got a chance yet,fp
6866452364,I never got an invite to it,dk
6866452247,,
6866449150,I don't use Facebook,nf
6866447394,,
6866446682,,
6866446638,When I tried to join the group it wouldn't let me,p
6866445854,,
6866443536,I do not have a Facebook.,nf
6866435229,,
6866433436,"I prefer to stay off of social media when I can (I'm an old soul who doesn't belong in this tech-driven world, which is ironic given this survey about computer science awards).",nf
6866432195,,
6866432015,"I don't have a Facebook account, so I haven't joined.",nf
6866430859,Because I do not have Facebook,nf
6866430415,,
6866428583,I keep forgetting to,fp
6866428144,The network was bad. But I will try again.,p
6866426006,,
6866425571,I did not know there was a Facebook group. ,dk
6866425426,I don’t have a Facebook ,nf
6866423293,"Personally, I do not plan on opening a facebook account as I won't have much of a use for it.",nf
6866422994,"I want to, but I believe I need an invitation. I did not realize that invitation came in an email. ",dk
6866421778,I don’t have a Facebook account ,nf
6866420676,,
6866417455,,
6866417307,i am not in the facebook group,nf
6866416488,,
6866416049,,
6866415359,Do not have Facebook ,nf
6866415266,The invite has been sent but I have just not received it it’s not on my Facebook page or my email ,p
6866413941,,
6866411278,,
6866411236,,
6866409494,,
6866408591,,
6866407828,,
6866405939,"I don't have a Facebook, or any social media",nf
6866405337,,
6866404111,,
6866401120,,
6866400332,,
6866399086,I did not know there was a Facebook Group. ,dk
6866398066,"I don't have a Facebook account yet, but I'm planning on getting one. ",nf
6866396993,I don't have a Facebook account because I am a odd duck that simply does not believe in using social media. While I appreciate using technology to enrich my life I want to keep my social life in the real world not the digital one.,nf
6866390744,,
6866389437,,
6866389416,I did not receive this email.,dk
6866388286,,
6866388246,I don’t have a Facebook,nf
6866387544,,
6866387215,,
6866386246,do not have a facebook,nf
6866385838,,
6866385318,I don't have. Facebook ,nf
6866385115,,
6866385087,"My Facebook was not working, but I have fixed it and I will join if still possible!",fp
6866384594,,
6866382604,The group did not appear when I clicked the link inviting me to join.,p
6866381619,,
6866381333,,
6866380226,I rarely use my Facebook account and have not gotten around to logging back on and joining.,na
6866380152,I don't have a Facebook,nf
6866379959,I'm not active on Facebook,na
6866379896,I do not necessarily use facebook,nf
6866378493,I do not have facebook. I have snapchat and instagram. ,nf
6866377859,I have not received an email to join the Facebook group,dk
6866377120,Because I just haven't yet and need to fix my email.,fp
6866376490,,
6866376165,,
6866375846,I haven't joined the Facebook group because my mother doesn't want me with a Facebook account.,nf
6866375523,,
6866375474,I did not know about it.,dk
6866374167,have not been invited into it and i sent a request to the email and they never answered back,p
6866372998,,
6866371989,I actually just hadn't been active on Facebook to join.  ,na
6866371116,,
6866368843,,
6866368144,,
6866366722,,
6866365884,,
6866365570,,
6866365213,,
6866365054,,
6866364518,,
6866363992,I don't have a facebook,nf
6866363757,,
6866363408,,
6866362252,I don't use Facebook and am not a huge fan of Social Media.,nf
6866360371,,
6866360163,I do not have a Facebook account.,nf
6866359736,Could not find group for Georgia region,p
6866359492,The email link didn’t work.,p
6866359211,,
6866359032,,
6866359006,,
6866358400,Have gotten around to it yet   ,fp
6866358129,"The invitation to join was sent to the wrong email address. I requested that the invitation be sent to the correct address (indy.bird.luvr@gmail.com), but it has not been sent to that address yet.",p
6866358071,,
6866357905,,
6866357381,I don't have one. I was going to make one for the group but I thought it would be strange if I only used it for that. I don't have much interest in the website since my friends don't use it.,nf
6866356750,Was not aware there was a Facebook group.  ,dk
6866355887,,
6866355192,,
6866354111,I did not realize there was one until now,dk
6866353745,,
6866353681,I do not have a facebook,nf
6866353299,I was not aware of it,dk
6866352192,,
6866352163,I didn't even know that NCWIT even had a page.,dk
6866351757,My Facebook account is linked to another email address so I couldn't join through the sent link.,p
6866351470,,
6866351403,,
6866351364,,
6866349694,,
6866349350,,
6866349312,I don’t go on facebook ,nf
6866349196,,
6866348886,,
6866348754,,
6866347589,,
6866347532,Do not have Facebook,nf
6866346776,I did not know there was a Facebook Group ,dk
6866346547,,
6866346499,,
6866346027,"I have not joined the group because the link that was sent in the email was broken, therefore I cannot access it.",p
6866345804,,
6866345770,I do not use Facebook often ,na
6866345121,,
6866344380,,
6866343940,The invitation expired. ,p
6866342959,,
6866342629,I have not received an email. ,dk
6866342363,,
6866342185,,
6866342147,,
6866342027,,
6866342004,Did not receive an email. ,dk
6866341704,,
6866341540,,
6866341117,,
6866341082,I don’t use Facebook ,nf
6866341042,I do not currently have a Facebook account. ,nf
6866341029,,
6866340903,,
6866340834,,
6866340674,,
6866340574,I did not know about it,dk
6866340400,I don't have Facebook,nf
6866340271,I do not have Facebook.,nf
6866340196,I’m not on Facebook often. ,nf
6866340184,,
6866340068,,
6866339969,,
6866339577,,
6866339230,,
6866339072,I have not gotten the facebook app,nf
6866339014,I don’t have a Facebook account.,nf
6866338501,,
6866338472,,
6866337450,,
6866337370,,
6866337202,,
6866336885,I don’t have Facebook.,nf
6866336368,,
6866336241,,
6866335772,I don't have Facebook,nf
6866335605,,
6866335238,,
6866335186,"I completely forgot to join it, but I will now!",fp
6866335137,I don’t have a Facebook account.,nf
6866335010,I have not seen the email yet ,dk
6866334806,,
6866334181,I did not realize there was a Facebook Group.,dk
6866334086,,
6866334005,,
6866333679,Cannot find email. ,dk
6866333639,,
6866333633,I have not gotten around to it. ,fp
6866333464,,
6866333390,,
6866333311,"I do not use Facebook, unfortunately. ",nf
6866333275,I did not know about the Facebook group,dk
6866333152,Haven't done it yet,fp
6866333025,,
6866332974,I didn't know it existed.,dk
6866332928,,
6866332912,"I would, but I don’t have a facebook account. ",nf
6866332628,,
6862737137,I let aiccommunity@ncwit.org know ASAP as per the email I received which told me to do so for a change of email/Facebook invite. I have not received a response back nor a change to the correct Facebook email account address I have. Alison has emailed me with the invite to the same incorrect email address. I have yet to further address this issue. Thanks,p
6862428651,I just haven't got around to joining the Facebook group and I forgot to but I will.,fp
6861514991,,
6860506418,,
6860352902,I do not own a facebook,nf
6859966929,,
6859876095,I don't have a Facebook account  ,nf
6859753364,I do not have a Facebook.,nf
6859643214,,
6859532415,,
6859485681,I wasn't aware of having to join the Facebook Group.,dk
6859482260,,
6858955017,I don't know how to! :(,dk
6858651820,I don't use Facebook. ,nf
6858418018,I currently do not have a Facebook account.,nf
6858303413,,
6858290523,,
6858251277,I don’t use Facebook ,nf
6858241795,It didn't let me access the page through the link I was given. ,p
6858163003,,
6857981686,,
6857951263,I didn't receive an email. ,dk
6857795023,I did not know it exists.,dk
6857517769,,
6857446117,"I have a Facebook, I just do not use it very often, I favor instagram, or snapchat.",na
6857318540,don’t have facebook,nf
6856594772,,
6856578888,I don’t have a facebook account.,nf
6856542402,,
6856517098,,
6856496957,,
6856496616,"I have not yet joined the facebook group because I do not have a facebook account! As soon as I finish my final IB exams, I will get on this right away and join the NCWIT group!",nf
6856489481,I can't find the group on Facebook when I search for it!,p
6856434358,,
6856408978,,
6856388536,,
6856343619,,
6856334797,,
6856326984,I do not have a Facebook and do not wish to create a Facebook account.,nf
6856323115,"I was not sent an invitation to even join it! I should have received an email weeks ago, but never did.",p
6856294307,I don’t use facebook,nf
6856269972,I don't use facebook,nf
6856229024,I don't use facebook,nf
6856219385,"I can't find it  -  The NCWIT Award for Aspirations Facebook page exists, and it is a public page, but I searched and couldn't find the group. I would join if l did.",p
6856146676,,
6856137368,,
6856099638,I clicked on the link but it said it wouldn't let me join.,p
6856093702,,
6856092830,,
6856059177,I don't use facebook.,nf
6856032063,I do not use Facebook,nf
6856013385,I don't feel the need to personally.,ni
6856010008,,
6855998045,I do not have a facebook account. ,nf
6855975994,I don't have a facebook.,nf
6855974491,The link has not worked for me. I received it but it does not connect to the Facebook page.,p
6855951611,,
6855898661,"I do not use Facebook, but I may decide to get it so I can join the Facebook group later. ",nf
6855895885,,
6855893092,,
6855852536,I just dont really use facebook,na
6855851532,I do not have Facebook.,nf
6855850638,,
6855826414,,
6855817441,,
6855808617,,
6855802756,,
6855789636,,
6855776510, I do not have facebook.,nf
6855748544,I was unaware of the Facebook group. ,dk
6855739871,,
6855732109,I haven't gotten to it yet.,nf
6855724992,,
6855716751,,
6855713921,"I would like to, but I have not been in contact with anyone who would send a request to my email: bdeitch203@gmail.com",p
6855708987,,
6855707936,too busy,ni
6855703428,,
6855693489,No usable facebook,nf
6855687900,,
6855683323,,
6855682497,,
6855682110,I do not have a facebook,nf
6855682058,,
6855681881,,
6855681692,,
6855680801,Will join soon,fp
6855566875,,
6853901557,I do not have a Facebook account.,nf
6853855897,"I am not very present on Facebook, although I have an account.",na
6853534018,"I do not use Facebook, I don't like using that social media",nf
6853250696,,
6853004575,I do not have a Facebook. ,nf
6852518729,I don't use Facebook,nf
6851439196,"I did not have a facebook at the time, I would love to join it now!",nf
6849593476,,
6848454971,"I did get an invite and when I pressed on the link to the group, it said that the group did not exist. I'm not sure if there was something wrong with the link or what.",p
6847116190,,
6845640017,I tried searching for it multiple times but couldn't find it. The link I clicked on an email said the group didn't exist?,p
6845244670,I'm not sure I ever got an invitation to join.,dk
6845183934,I do not have facebook. ,nf
6845022311,I do not have a facebook account,nf
6844418542,,
6844337231,,
6844320576,I don't use Facebook often.,nf
6844056133,"I do not have a Facebook, Twitter is more common among teenagers ",nf
6844053960,I have not been very active on social media as of recently.,nf
6843424653,,
6843238024,I have not been invited to join the group yet. ,dk
6842450672,,
6841867588,,
6840869554,,
6840543388,,
6839802591,The app won't let me join the group.,p
6839674007,,
6839550765,"I forgot that there was a NCWIT Facebook group.  Now that I have been reminded by this survey, I will be sure to join.",fp
6839214629,I didn't know there was a Facebook group for the program.,dk
6839180862,I do not have a Facebook account ,nf
6839161204,I don’t have a Facebook ,nf
6838817278,,
6838728689,I attempted to join but the link gave me an error message.,p
6838399128,,
6837951606,I don't use Facebook. I have an  account but it's not utilized. ,na
6837837551,I don't plan on continuing with the program.,ni
6837767812,,
6837619674,Because I’m not on Facebook,nf
6837614382,,
6837529261,,
6837306633,I don't use Facebook.,nf
6837052189,,
6836781114,,
6836770354,"I'm have been meaning to join, I just haven't gotten around to it yet",fp
6836768385,The link did not work.,p
6836704847,,
6836681259,,
6836559163,Im gonna join but im having email  issues because im using different emails,p
6836558292,I did not get any invitation about the event.  ,dk
6836482027,,
6836424991,,
6836377190,,
6836354744,My link to join is not working. I need to email to receive another link.,p
6836275581,Haven’t had the time ,ni
6836266257,"I just received my award, so I have not received an email inviting me to join the Facebook Group yet. I will definitely join once I receive it!",dk
6835876336,I was not aware that there was a group,dk
6835041598,I simply do not have Facebook.,nf
6835031612,I have not been able to join it because when I tried to it did not let me for some reason.,p
6834924902,,
6834920251,,
6834918952,,
6834879758,"I got the award recently, and I am waiting to be added.",dk
6834866790,I don't have a Facebook,nf
6834860883,I do not have a Facebook account and I need to get one.,nf
6834844804,,
6834821909,"Again, didn’t even know there was a chat.",dk
6834821025,I must have missed the email and i am not very active on facebook.,dk
6834815234,,
6834813949,,
6834759394,I don't use Facebook.  ,nf
6834734059,I do not have a Facebook account.,nf
6834733951,,
6834727631,I no longer have a Facebook account ,nf
6834718840,I did not get the email.,dk
6834707390,,
6834698428,I don't have an account,nf
6834660731,,
6834646119,,
6834629260,,
6834567035,I had technical issues that were never resolved.,p
6834561618,I am just not huge on social media and I do not know how to get on it very well. ,nf
6834553073,I don't have a facebook,nf
6834539917,I am going to. Midst not there yet.,fp
6834536638,,
6834523351,,
6834503555,,
6834487882,,
6834451100,,
6834437350,,
6834429661,,
6834425850,,
6834410672,,
6834405649,I don't have a Facebook.,nf
6834396987,I didn't know there was a Facebook group. ,dk
6834358591,"I do not use Facebook, so I could not join the group.",nf
6834340356,I did not know that NCWIT has a Facebook group.,dk
6834313290,I have not been invited (yet?),dk
6834290359,,
6834253401,I don't have a facebook ,nf
6834248981,I do not have a Facebook.,nf
6834240583,I tried but there was an error.,p
6834238694,,
6834232299,I don't have a Facebook. ,nf
6834219651,,
6834204253,,
6834190384,,
6834176616,,
6834176342,the link doesnt work,p
6834175492,My email for Facebook is different than the email I used in applying for NCWIT,p
6834172706,I never created an account with Facebook because I don’t feel safe or secure using it. I’m on Twitter though. ,nf
6834172475,,
6834168932,Have not yet received an invitation.,dk
6834162678,I don't have a facebook.,nf
6834157072,Do not have a Facebook,nf
6834130664,,
6834125163,,
6834085937,I do not have a Facebook ,nf
6834085478,I do not currently have a Facebook,nf
6834078325,I am not active on facebook and do not see the need to join the group if I am not going to use.,na
6834071893,,
6834070314,I do not use facebook.,nf
6834049376,I don't use facebook that much,nf
6834038341,I do not use my Facebook account very much. ,na
6834035777,I don't have a Facebook,nf
6834010555,,
6834008381,,
6834003092,,
6834000788,,
6833995480,"I don't have a Facebook, but I will be making one soon so that I can join the NCWIT group.",nf
6833987160,,
6833982615,"I do not have a facebook, I am considering getting one. With the whole facebook scandal I am going to hold off for a while.",nf
6833981091,I do not have a social media account. ,nf
6833977589,I dont have facebook.,nf
6833951450,I don’t use Facebook. ,nf
6833951038,,
6833944042,,
6833941204,,
6833938075,,
6833918046,I do not have a Facebook.,nf
6833908553,,
6833905272,Do not have the link,dk
6833901020,,
6833894457,I do not have the link.,dk
6833885482,,
6833879351,,
6833876868,,
6833869785,,
6833866909,I do not have a profile on Facebook ,nf
6833853446,I need to find the link to join the group.,dk
6833853383,Don't use social media,nf
6833849976,,
6833845835,,
6833833719,Dont have Facebook,nf
6833831146,,
6833823972,I do not currently have a Facebook account.,nf
6833819406,the link won't work ,p
6833815319,I don’t have a Facebook ,nf
6833804317,"I was not aware that there was a Facebook Group. I will join it now, however.",dk
6833781580,I don't like facebook,nf
6833771586,"I tried, but it wasn’t working",p
6833765219,I don't have a facebook.,nf
6833754836,"I was sent a link, but it didn’t work. I would like to join though. I will soon reach out to the listed address here to try to join the group. ",p
6833752273,I am about to join it. Just have not yet.,fp
6833751021,,
6833749850,,
6833747043,,
6833746426,I am not on Facebook.,nf
6833743753,,
6833740602,,
6833737864,Didn’t know it existed,dk
6833724475,Because I do not actively use facebook,na
6833724319,The email address that the email regarding the Facebook group went to is not the same as my Facebook address. I sent an email to aiccommunity@ncwit.org to request an email to the correct email address but I did not receive another email. ,p
6833722453,I don’t use my Facebook very often.,na
6833718554,I am not sure how to get to it.,dk
6833714772,,
6833714498,I don’t have Facebook ,nf
6833712451,,
6833708652,,
6833705251,,
6833696654,No facebook,nf
6833694460,I don’t have a Facebook account.,nf
6833694033,,
6832958599,I have not heard of this facebook group. ,dk
6832904761,,
6832881935,,
6832777712,I was not aware there was a Facebook Group.,dk
6831966720,,
6831706035,,
6831387538,I do not have a Facebook.,nf
6831363936,I didn't know I could join before getting an award,dk
6831356653,I don’t have a Facebook account ,nf
6831179272,I was ,
6831145652,I am not on Facebook,nf
6831035717,because I do not own a facebook,nf
6830663238,,
6830561128,,
6830231325,,
6830216662,,
6830015932,I don't have facebook.,nf
6829734838,When I clicked the link in the email and tried to join it wouldn’t work,p
6829502134,Didn’t know there was a page ,dk
6828675035,,
6828575671,I do not have a facebook account.,nf
6828375700,I didn't know there was a Facebook group. ,dk
6828365143,I don’t have a Facebook,nf
6828159814,,
6828067555,Havent got around to it yet.,fp
6828039234,I use Instagram,nf
6828019285,,
6827820524,,
6827755683,I have not joined the Facebook Group because I do not have a Facebook account.,nf
6827565377,I do not use facebook,nf
6827289724,I don’t keep a Facebook account.,nf
6827201025,,
6827181205,,
6827107223,"Because I do not have a facebook account. If I had one, I would join. ",nf
6827097957,,
6827083663,I currently do not use Facebook. I'll sign up for Facebook if this is the best way to communicate with other members of the AiC community. ,nf
6827047776,I do not have a Facebook. ,nf
6826951072,I am not a Facebook user.,nf
6826902889,,
6826797714,I don't have a Facebook,nf
6826420798,I have not found it,dk
6826223372,No invite yet,dk
6826059301,I currently do not have a Facebook account.,nf
6826045886,,
6825989478,,
6825988133,,
6825933604,,
6825898081,,
6825820874,,
6825797581,,
6825701369,I am not a member of Facebook.,nf
6825593197,I don’t have a facebook,nf
6825458830,I don't have Facebook! Sorry.,nf
6825422381,Was not aware it existed,dk
6825382646,No real reason. I just don't use Facebook.,nf
6825325058,I only use Facebook to follow friends/family,na
6825305766,,
6825292761,,
6825266794,I do not have a facebook,nf
6825184407,,
6825134497,,
6825112834,I don't know how. ,dk
6825090446,,
6825049734,,
6825014330,,
6824994112,,
6824978438,,
6824855721,"I was invited to join the group, but when I attempted to join, I wasn't able to join for some reason.",p
6824781779,Don't use Facebook Groups,nf
6824679108,I do not use Facebook ,nf
6824676796,I don't use Facebook and with all the unauthorized data usage I don't plan on making a Facebook account any time soon. I also don't really like keeping up with social media so much anymore.,nf
6824647615,,
6824622557,I don’t have a Facebook account.,nf
6824577722,,
6824554686,,
6824465843,,
6824459930,,
6824444964,I don't have Facebook.,nf
6824414914,,
6824405920,,
6824391618,,
6824371262,I do not have Facebook,nf
6824357073,Not on facebook,nf
6824281292,,
6824259393,I have not be invited ,dk
6824180760,,
6824050860,,
6823978222,,
6823835651,I had a problem with my email. I emailed the NCWIT team and am currently waiting for a response.,p
6823826332,I do not have an active personal Facebook account.,na
6823806190,,
6823763100,,
6823758303,Because I didn’t want to.,ni
6823746379,don't have facebook,nf
6823745720,I don't really use Facebook so I didn't bother,na
6823743901,,
6823701394,I do not have an account. ,nf
6823687086,,
6823682772,I didn’t know you had one,dk
6823680946,,
6823677942,,
6823664206,I didn’t know it existed.,dk
6823663001,,
6823644425,I don't have a Facebook. If I did have one I would join the group.,nf
6823642189,,
6823635953,,
6823613232,"I do not know how, and I haven't had time to figure it out at the current moment with robotics season in full swing.",dk
6823606835,,
6823601981,,
6823564956,I was unaware you had one.,dk
6823562701,I don’t frequent Facebook often. ,na
6823562077,I don't have a facebook account.,nf
6823561368,,
6823552281,I can’t remember my password ,nf
6823550419,,
6823546727,,
6823527415,Do not have an Facebook account ,nf
6823513547,,
6823502586,I don't have/want a Facebook account,nf
6823497983,I was never notified about it,dk
6823497970,"I don't use Facebook. Some other forms of social media I use often are Instagram, Twitter, and Discord servers!",nf
6823493132,I do not have a Facebook account,nf
6823488323,,
6823487106,,
6823482233,"I was not aware that there was a group, and I am not a part of Facebook",nf
6823479185,,
6823475833,I don't have Facebook.,nf
6823471287,,
6823470729,,
6823468648,"The group says it is ""closed"" and would not let me join",p
6823463504,"I do not have a facebook, an instagram or group me type thing would work better since most students no longer have Facebook",nf
6823451579,I don’t have Facebook.,nf
6823450801,I don't use Facebook anymore,nf
6823450131,,
6823446122,,
6823443155,,
6823441189,I do not have a Facebook.,nf
6823423992,Facebook email is different from main.,p
6823422050,,
6823421323,,
6823408666,,
6823405350,I am not a user of Facebook but should be!,nf
6823394713,"I did not get an invitation to join the group, but I will send a request to aiccommunity@ncwit.org.",dk
6823390129,As of now I do not have a Facebook account.,nf
6823388247,I forgot  ,fp
6823379950,,
6823378294,,
6823376888,I did not know there was a Facebook group. ,dk
6823373362,,
6823371877,,
6823371439,I do not have a Facebook account and I never received the email.,nf
6823364678,,
6823356913,,
6823352826,I did plan to join in the future (I am just not enrolled at this moment),fp
6823351343,Don't have facebook,nf
6823341471,I do not have a Facebook account.,nf
6823337124,,
6823335932,I don't have a Facebook.,nf
6823330161,,
6823328851,I have not been invited to join yet.,dk
6823322509,,
6823316210,,
6823298051,,
6823295705,I don’t have a Facebook account ,nf
6823294179,"I am not planning on getting a Facebook account, sorry.",nf
6823291597,,
6823268474,,
6823255762,,
6823243441,I do not have a Facebook and will create one to join.,nf
6823243216,,
6823240768,I am not a user of facebook or many other social media applications,nf
6823216375,,
6823215785,I do not use facebook,nf
6823214806,I am not interested in having a Facebook,nf
6823214092,"I tried to click on the link to access the page, but am redirected to a page with an error message.",p
6823188852,I don’t have a Facebook account,nf
6823185564,I do not have Facebook,nf
6823184639,I couldn't figure out how to join it. When I clicked the link on the email it said the page didn't exist. ,p
6823181710,,
6823179138,,
6823177199,,
6823166822,I was not aware of it.,dk
6823165330,,
6823162572,I am not on Facebook and I do not like Facebook,nf
6823159662,I do not have social media.,nf
6823151322,,
6823151254,,
6823147947,I don't have a Facebook account currently.,nf
6823147728,I have not received a notification to join the Facebook group,dk
6823134095,I did not know NCWIT was on Facebook,dk
6823133162,I tried to join when I received the link in my email but it would not allow me. It said that I wasn't allowed to because it was private.,p
6823118259,,
6823117928,,
6823116218,,
6823113681,"I never got around to it, but I will soon!",fp
6823113435,I didn't know that there was one.   ,dk
6823113410,,
6823111190,I have not received an email explaining how to join the AiC Facebook community.,dk
6823110327,,
6823104109,I didn't receive an email telling me to join a facebook group or the award ceremony.,dk
6823095430,,
6823087515,,
6823078639,I do not have Facebook,nf
6823077428,,
6823076541,I do not have a Facebook.,nf
6823073469,,
6823070759,,
6823062923,,
6823053310,,
6823053051,I don't have a facebook,nf
6823043868,,
6823039499,I didn't know their was a Facebook group.,dk
6823024197,,
6823022271,,
6823014203,,
6823002763,Don’t have facebook,nf
6822991325,"I do not have a Facebook and do not want to have a Facebook, however if it were on another network I would do it in no problem ",nf
6822987900,I do not have Facebook.,nf
6822974582,I haven't had the time to sign up for Facebook but I plan on joining soon.,fp
6822970507,,
6822964562,,
6822957600,I don't have Facebook,nf
6822950976,I just don’t have a Facebook account ,nf
6822950714,I don't use Facebook,nf
6822949806,Didn't recieve informationa about Faceboom group.,dk
6822944981,,
6822939024,,
6822934295,I can't find it  ,p
6822921323,I don’t frequently use facebook,na
6822920513,,
6822913770,,
6822907537,"I never got an email that I won, I found out from the website today. I will join the group ASAP.",fp
6822898207,I don't have a Facebook. ,nf
6822877375,I have not join because I do not have facebook ,nf
6822874370,,
6822862962,I don’t have a Facebook account,nf
6822862751,,
6822858709,I wasn’t aware there was one.,dk
6822858018,I don't have a Facebook.,nf
6822857475,,
6822855607,,
6822855298,I do not use Facebook.,nf
6822850737,I don't usually use facebook,na
6822849330,,
6822839954,,
6822832015,,
6822830759,I don’t have Facebook ,nf
6822828609,I don't have Facebook,nf
6822824562,,
6822824204,,
6822823070,I do not have a Facebook,nf
6822821894,I haven't joined because I don't use my facebook that often.,na
6822817216,"I don't have a Facebook and with the recent security issues , I'm not inclined to get one.",nf
6822815217,I don't have Facebook.,nf
6822814401,,
6822813246,,
6822810714,,
6822806243,,
6822805946,,
6822805372,,
6822805329,Hate Facebook,nf
6822805207,,
6822802665,I dont have social media ,nf
6822799248,,
6822798105,I did not know that it existed. ,dk
6822796787,I do not have a Facebook Account ,nf
6822791383,I don't use Facebook frequently.,na
6822788963,,
6822783448,,
6822781539,,
6822779643,I don't have a facebook,nf
6822779390,I do not use Facebook often,na
6822779361,,
6822773480,,
6822771505,I do not have Facebook.,nf
6822770506,,
6822769013,I do not have a Facebook account.,nf
6822766391,I don't have a facebook.,nf
6822766356,,
6822766273,I didn't know it existed.,dk
6822764509,,
6822762600,,
6822762293,"I do not have a facebook, and do not want to create one.",nf
6822761543,,
6822760702,,
6822760024,"The email associated with my facebook account is different than the email I used for NCWIT. So, my Facebook profile wasn't invited.",p
6822759767,"I have tried to join the group multiple times but everytime I try to, it says that the group does not exist.",p
6822758365,"I did not know this Facebook group existed. This survey is the first I've heard of it, and I did not know it was encouraged to be a member of this group",dk
6822757810,I have no idea what the group is called. ,dk
6822755642,,
6822754955,I don’t know what the Facebook is called or how to join.,dk
6822754779,I don’t use Facebook regularly.,na
6822753697,I’m not on Facebook ,nf
6822753626,Because first of all I don't have a Facebook and don't intend on getting one and second of all I was never notified or informed about any of this,nf
6822750771,,
6822749393,I am waiting for a friend request because I can't find the group. I just sent an email asking to join the group!,p
6822747945,,
6822747335,I do not have my own Facebook account.,nf
6822746406,,
6822746120,I was unaware of the existence of such a group.,dk
6822745838,,
6822743752,Don't have facebook.,nf
6822743316,I do not have the link,dk
6822743074,,
6822742502,Because I was never notified that I won    I also do not use facebook,nf
6822742274,,
6822742148,,
6822741563,,
6822741316,,
6822740863,,
6822740737,,
6822739740,I don't have a Facebook account because Facebook is lame.,nf
6822739377,,
6822739291,I am not active on Facebook,na
6822739289,,